{
    "alpha": 0.05, 
    "class": "Anova", 
    "groups": [
        {
            "is_population": false, 
            "mean": 13.0, 
            "members": [
                15.0, 
                12.0, 
                14.0, 
                11.0
            ], 
            "n": 4, 
            "notes": "", 
            "orig_mean": 13.0, 
            "orig_sd": 1.8257418583505538, 
            "sd": 1.8257418583505538, 
            "title": "Snapzi"
        }, 
        {
            "is_population": false, 
            "mean": 48.0, 
            "members": [
                39.0, 
                45.0, 
                48.0, 
                60.0
            ], 
            "n": 4, 
            "notes": "", 
            "orig_mean": 48.0, 
            "orig_sd": 8.831760866327848, 
            "sd": 8.831760866327848, 
            "title": "Irisa"
        }, 
        {
            "is_population": false, 
            "mean": 45.0, 
            "members": [
                65.0, 
                45.0, 
                32.0, 
                38.0
            ], 
            "n": 4, 
            "notes": "", 
            "orig_mean": 45.0, 
            "orig_sd": 14.352700094407323, 
            "sd": 14.352700094407323, 
            "title": "LolaMoon"
        }
    ]
}