{
    "alpha": 0.05, 
    "class": "Correlation", 
    "groups": [
        {
            "is_population": false, 
            "mean": 2601.1111111111113, 
            "members": [
                337.0, 
                2565.0, 
                967.0, 
                5124.0, 
                2398.0, 
                2586.0, 
                7412.0, 
                522.0, 
                1499.0
            ], 
            "n": 9, 
            "notes": "", 
            "orig_mean": 2601.1111111111113, 
            "orig_sd": 2315.336824548668, 
            "sd": 2315.336824548668, 
            "title": "Distance (miles)"
        }, 
        {
            "is_population": false, 
            "mean": 680.3477777777778, 
            "members": [
                59.5, 
                509.5, 
                124.5, 
                1480.4, 
                696.23, 
                559.5, 
                1481.5, 
                474.5, 
                737.5
            ], 
            "n": 9, 
            "notes": "", 
            "orig_mean": 680.3477777777778, 
            "orig_sd": 508.1870022879811, 
            "sd": 508.1870022879811, 
            "title": "Cost (USD)"
        }
    ]
}