{
    "alpha": 0.05, 
    "class": "Correlation", 
    "groups": [
        {
            "is_population": false, 
            "mean": 36.032786885245905, 
            "members": [
                26.0, 
                69.0, 
                39.0, 
                26.0, 
                31.0, 
                42.0, 
                52.0, 
                43.0, 
                53.0, 
                32.0, 
                15.0, 
                44.0, 
                66.0, 
                25.0, 
                41.0, 
                37.0, 
                49.0, 
                36.0, 
                45.0, 
                45.0, 
                42.0, 
                28.0, 
                56.0, 
                60.0, 
                26.0, 
                30.0, 
                26.0, 
                30.0, 
                24.0, 
                25.0, 
                24.0, 
                41.0, 
                27.0, 
                35.0, 
                30.0, 
                30.0, 
                34.0, 
                25.0, 
                26.0, 
                27.0, 
                28.0, 
                28.0, 
                28.0, 
                39.0, 
                31.0, 
                51.0, 
                35.0, 
                25.0, 
                27.0, 
                37.0, 
                30.0, 
                28.0, 
                63.0, 
                34.0, 
                32.0, 
                39.0, 
                49.0, 
                25.0, 
                50.0, 
                28.0, 
                29.0
            ], 
            "n": 61, 
            "notes": "", 
            "orig_mean": 36.032786885245905, 
            "orig_sd": 11.694681430910883, 
            "sd": 11.694681430910883, 
            "title": "age"
        }, 
        {
            "is_population": false, 
            "mean": 0.7868852459016393, 
            "members": [
                0.0, 
                0.0, 
                1.0, 
                0.0, 
                0.0, 
                1.0, 
                3.0, 
                2.0, 
                0.0, 
                2.0, 
                0.0, 
                0.0, 
                0.0, 
                2.0, 
                7.0, 
                0.0, 
                0.0, 
                0.0, 
                0.0, 
                2.0, 
                3.0, 
                0.0, 
                2.0, 
                0.0, 
                0.0, 
                0.0, 
                0.0, 
                0.0, 
                1.0, 
                1.0, 
                1.0, 
                1.0, 
                0.0, 
                0.0, 
                0.0, 
                0.0, 
                0.0, 
                1.0, 
                0.0, 
                0.0, 
                0.0, 
                0.0, 
                0.0, 
                0.0, 
                0.0, 
                0.0, 
                0.0, 
                0.0, 
                0.0, 
                0.0, 
                0.0, 
                0.0, 
                7.0, 
                0.0, 
                0.0, 
                3.0, 
                5.0, 
                0.0, 
                3.0, 
                0.0, 
                0.0
            ], 
            "n": 61, 
            "notes": "", 
            "orig_mean": 0.7868852459016393, 
            "orig_sd": 1.571779820228867, 
            "sd": 1.571779820228867, 
            "title": "number of pets"
        }, 
        {
            "is_population": false, 
            "mean": 29.278688524590162, 
            "members": [
                30.0, 
                0.0, 
                60.0, 
                0.0, 
                30.0, 
                60.0, 
                15.0, 
                0.0, 
                30.0, 
                -10.0, 
                -30.0, 
                15.0, 
                0.0, 
                90.0, 
                0.0, 
                60.0, 
                -5.0, 
                0.0, 
                15.0, 
                10.0, 
                30.0, 
                15.0, 
                30.0, 
                15.0, 
                30.0, 
                30.0, 
                30.0, 
                30.0, 
                60.0, 
                15.0, 
                0.0, 
                -10.0, 
                60.0, 
                0.0, 
                30.0, 
                10.0, 
                2.0, 
                30.0, 
                60.0, 
                90.0, 
                60.0, 
                30.0, 
                120.0, 
                15.0, 
                60.0, 
                20.0, 
                60.0, 
                60.0, 
                0.0, 
                30.0, 
                30.0, 
                15.0, 
                60.0, 
                180.0, 
                0.0, 
                15.0, 
                30.0, 
                60.0, 
                15.0, 
                9.0, 
                -10.0
            ], 
            "n": 61, 
            "notes": "", 
            "orig_mean": 29.278688524590162, 
            "orig_sd": 34.53700003741928, 
            "sd": 34.53700003741928, 
            "title": "time arrived at party"
        }
    ]
}