{
    "alpha": 0.05, 
    "class": "Anova", 
    "groups": [
        {
            "is_population": false, 
            "mean": 1.4999999999999998, 
            "members": [
                1.5, 
                1.3, 
                1.8, 
                1.6, 
                1.3
            ], 
            "n": 5, 
            "notes": "", 
            "orig_mean": 1.4999999999999998, 
            "orig_sd": 0.21213203435596428, 
            "sd": 0.21213203435596428, 
            "title": "Placebo"
        }, 
        {
            "is_population": false, 
            "mean": 1.5999999999999999, 
            "members": [
                1.6, 
                1.7, 
                1.9, 
                1.2
            ], 
            "n": 4, 
            "notes": "", 
            "orig_mean": 1.5999999999999999, 
            "orig_sd": 0.29439202887759486, 
            "sd": 0.29439202887759486, 
            "title": "Drug 1"
        }, 
        {
            "is_population": false, 
            "mean": 1.6142857142857143, 
            "members": [
                2.0, 
                1.4, 
                1.5, 
                1.5, 
                1.8, 
                1.7, 
                1.4
            ], 
            "n": 7, 
            "notes": "", 
            "orig_mean": 1.6142857142857143, 
            "orig_sd": 0.22677868380553637, 
            "sd": 0.22677868380553637, 
            "title": "Drug 2"
        }, 
        {
            "is_population": false, 
            "mean": 2.875, 
            "members": [
                2.9, 
                3.1, 
                2.8, 
                2.7
            ], 
            "n": 4, 
            "notes": "", 
            "orig_mean": 2.875, 
            "orig_sd": 0.1707825127659933, 
            "sd": 0.1707825127659933, 
            "title": "Drug 3"
        }
    ]
}