{
    "alpha": 0.05, 
    "class": "Correlation", 
    "groups": [
        {
            "is_population": false, 
            "mean": 70.8, 
            "members": [
                116.0, 
                117.0, 
                120.0, 
                1.0, 
                52.0, 
                79.0, 
                109.0, 
                27.0, 
                85.0, 
                51.0, 
                78.0, 
                55.0, 
                26.0, 
                39.0, 
                107.0
            ], 
            "n": 15, 
            "notes": "", 
            "orig_mean": 70.8, 
            "orig_sd": 38.258892523736975, 
            "sd": 38.258892523736975, 
            "title": "Number of stem cells"
        }, 
        {
            "is_population": false, 
            "mean": 38.266666666666666, 
            "members": [
                60.0, 
                67.0, 
                64.0, 
                8.0, 
                13.0, 
                63.0, 
                63.0, 
                2.0, 
                46.0, 
                27.0, 
                43.0, 
                24.0, 
                10.0, 
                28.0, 
                56.0
            ], 
            "n": 15, 
            "notes": "", 
            "orig_mean": 38.266666666666666, 
            "orig_sd": 23.429123106164464, 
            "sd": 23.429123106164464, 
            "title": "Photoreceptor activity"
        }
    ]
}