{
    "alpha": 0.05, 
    "class": "Correlation", 
    "groups": [
        {
            "is_population": false, 
            "mean": 194.675, 
            "members": [
                187.0, 
                219.0, 
                225.0, 
                240.0, 
                105.0, 
                285.0, 
                406.0, 
                63.0, 
                230.0, 
                31.0, 
                284.0, 
                201.0, 
                61.0, 
                365.0, 
                645.0, 
                250.0, 
                52.0, 
                457.0, 
                151.0, 
                258.0, 
                68.0, 
                238.0, 
                330.0, 
                36.0, 
                98.0, 
                100.0, 
                164.0, 
                240.0, 
                21.0, 
                13.0, 
                112.0, 
                90.0, 
                31.0, 
                450.0, 
                350.0, 
                154.0, 
                44.0, 
                105.0, 
                63.0, 
                365.0
            ], 
            "n": 40, 
            "notes": "", 
            "orig_mean": 194.675, 
            "orig_sd": 145.37597366122336, 
            "sd": 145.37597366122336, 
            "title": "Gestation (days)"
        }, 
        {
            "is_population": false, 
            "mean": 13.55, 
            "members": [
                20.0, 
                18.0, 
                25.0, 
                20.0, 
                5.0, 
                15.0, 
                12.0, 
                12.0, 
                20.0, 
                6.0, 
                15.0, 
                8.0, 
                12.0, 
                12.0, 
                40.0, 
                15.0, 
                7.0, 
                10.0, 
                8.0, 
                20.0, 
                4.0, 
                41.0, 
                20.0, 
                7.0, 
                12.0, 
                15.0, 
                15.0, 
                12.0, 
                3.0, 
                1.0, 
                10.0, 
                12.0, 
                5.0, 
                15.0, 
                12.0, 
                12.0, 
                10.0, 
                16.0, 
                5.0, 
                15.0
            ], 
            "n": 40, 
            "notes": "", 
            "orig_mean": 13.55, 
            "orig_sd": 8.283285610965043, 
            "sd": 8.283285610965043, 
            "title": "Longevity (years)"
        }
    ]
}