{
    "alpha": 0.05, 
    "class": "Anova", 
    "groups": [
        {
            "is_population": false, 
            "mean": -10.0, 
            "members": [
                -8.0, 
                -11.0, 
                -17.0, 
                -9.0, 
                -10.0, 
                -5.0
            ], 
            "n": 6, 
            "notes": "", 
            "orig_mean": -10.0, 
            "orig_sd": 4.0, 
            "sd": 4.0, 
            "title": "Short"
        }, 
        {
            "is_population": false, 
            "mean": 12.0, 
            "members": [
                12.0, 
                9.0, 
                16.0, 
                8.0, 
                15.0
            ], 
            "n": 5, 
            "notes": "", 
            "orig_mean": 12.0, 
            "orig_sd": 3.5355339059327378, 
            "sd": 3.5355339059327378, 
            "title": "Long"
        }, 
        {
            "is_population": false, 
            "mean": 0.19999999999999998, 
            "members": [
                0.5, 
                0.0, 
                -1.0, 
                1.5, 
                0.5, 
                -0.1, 
                0.0
            ], 
            "n": 7, 
            "notes": "", 
            "orig_mean": 0.19999999999999998, 
            "orig_sd": 0.7615773105863908, 
            "sd": 0.7615773105863908, 
            "title": "Normal"
        }
    ]
}